<?xml version="1.0" encoding="UTF-8"?>
<!DOCTYPE configuremap [
  <!ELEMENT configuremap (configure)+>
  <!ATTLIST configuremap xmlns CDATA #FIXED ''>
  <!ELEMENT configure EMPTY>
  <!ATTLIST configure xmlns CDATA #FIXED '' name NMTOKEN #REQUIRED
    value CDATA #REQUIRED>
]>
<!--
  ImageMagick build configuration.
-->
<configuremap>
  <configure name="CC" value="gcc"/>
  <configure name="CFLAGS" value="-I/usr/include/libxml2   -I/usr/include/libpng12     -I/usr/include/freetype2       -g -O2 -Wall -mtune=core2 -fexceptions -pthread -DMAGICKCORE_HDRI_ENABLE=1 -DMAGICKCORE_QUANTUM_DEPTH=16"/>
  <configure name="CODER_PATH" value="/opt/lib/ImageMagick-7.0.8/modules-Q16HDRI/coders"/>
  <configure name="CONFIGURE_PATH" value="/opt/etc/ImageMagick-7/"/>
  <configure name="CONFIGURE" value="./configure  '--prefix=/opt/' '--enable-shared=no' '--enable-static=yes' '--disable-installed'"/>
  <configure name="COPYRIGHT" value="Copyright (C) 1999-2019 ImageMagick Studio LLC"/>
  <configure name="CPPFLAGS" value="-I/opt/include/ImageMagick-7"/>
  <configure name="CXXFLAGS" value="-g -O2 -pthread"/>
  <configure name="CXX" value="g++"/>
  <configure name="DEFS" value="-DHAVE_CONFIG_H"/>
  <configure name="DELEGATES" value="bzlib mpeg freetype jng jpeg lzma png ps tiff wmf x xml zlib"/>
  <configure name="DISTCHECK_CONFIG_FLAGS" value=" --disable-deprecated  --disable-installed  --with-quantum-depth=16  --with-jemalloc=no  --with-umem=no  --with-autotrace=no  --with-gslib=no  --with-fontpath=  --with-rsvg=no  --with-perl=no "/>
  <configure name="DOCUMENTATION_PATH" value="/opt/share/doc/ImageMagick-7"/>
  <configure name="EXEC-PREFIX" value="/opt"/>
  <configure name="EXECUTABLE_PATH" value="/opt/bin"/>
  <configure name="FEATURES" value="DPC HDRI Cipher"/>
  <configure name="FILTER_PATH" value="/opt/lib/ImageMagick-7.0.8/modules-Q16HDRI/filters"/>
  <configure name="GIT_REVISION" value="15570" />
  <configure name="HOST" value="x86_64-pc-linux-gnu"/>
  <configure name="INCLUDE_PATH" value="/opt/include/ImageMagick-7"/>
  <configure name="LDFLAGS" value="-L/opt/lib  "/>
  <configure name="LIBRARY_PATH" value="/opt/lib/ImageMagick-7.0.8"/>
  <configure name="LIBS" value="   -ltiff -lfreetype    -ljpeg   -lpng12            -lwmflite  -lXext -lXt   -lSM -lICE -lX11  -llzma   -lbz2      -lxml2    -lz       -lm     "/>
  <configure name="LIB_VERSION_NUMBER" value="7,0,8,42"/>
  <configure name="LIB_VERSION" value="0x708"/>
  <configure name="NAME" value="ImageMagick"/>
  <configure name="PCFLAGS" value="-DMAGICKCORE_HDRI_ENABLE=1 -DMAGICKCORE_QUANTUM_DEPTH=16"/>
  <configure name="PREFIX" value="/opt"/>
  <configure name="QuantumDepth" value="16"/>
  <configure name="RELEASE_DATE" value="2019-04-27"/>
  <configure name="SHAREARCH_PATH" value="/opt/lib/ImageMagick-7.0.8/config-Q16HDRI"/>
  <configure name="SHARE_PATH" value="/opt/share/ImageMagick-7"/>
  <configure name="TARGET_CPU" value="x86_64"/>
  <configure name="TARGET_OS" value="linux-gnu"/>
  <configure name="TARGET_VENDOR" value="pc"/>
  <configure name="VERSION" value="7.0.8"/>
  <configure name="WEBSITE" value="https://imagemagick.org"/>
</configuremap>
